{"cameraMode":{"drawMode":0,"name":"Shaded","section":"Shading Mode"},"sceneLighting":false,"audioPlay":false,"sceneViewState":{"m_AlwaysRefresh":false,"showFog":true,"showSkybox":true,"showFlares":true,"showImageEffects":true,"showParticleSystems":true,"showVisualEffectGraphs":true,"m_FxEnabled":true},"in2DMode":false,"pivot":{"x":618.0720825195313,"y":374.79388427734377,"z":36.229286193847659},"rotation":{"x":0.02849406749010086,"y":-0.011994970962405205,"z":0.00034195822081528604,"w":0.9995222091674805},"size":419.6736145019531,"orthographic":true}