{"cameraMode":{"drawMode":0,"name":"Shaded","section":"Shading Mode"},"sceneLighting":true,"audioPlay":false,"sceneViewState":{"m_AlwaysRefresh":false,"showFog":true,"showSkybox":true,"showFlares":true,"showImageEffects":true,"showParticleSystems":true,"showVisualEffectGraphs":true,"m_FxEnabled":true},"in2DMode":false,"pivot":{"x":-49.49982833862305,"y":0.5085173845291138,"z":-100.90498352050781},"rotation":{"x":-0.0010097319027408958,"y":0.9738620519638062,"z":-0.004386774729937315,"w":-0.22720623016357423},"size":56.92244338989258,"orthographic":false}