{"cameraMode":{"drawMode":0,"name":"Shaded","section":"Shading Mode"},"sceneLighting":true,"audioPlay":false,"sceneViewState":{"m_AlwaysRefresh":false,"showFog":true,"showSkybox":true,"showFlares":true,"showImageEffects":true,"showParticleSystems":true,"showVisualEffectGraphs":true,"m_FxEnabled":true},"in2DMode":false,"pivot":{"x":544.89013671875,"y":388.0207824707031,"z":-4.960695266723633},"rotation":{"x":0.02849406749010086,"y":-0.011994970962405205,"z":0.00034195822081528604,"w":0.9995222091674805},"size":474.3926696777344,"orthographic":true}