{"cameraMode":{"drawMode":0,"name":"Shaded","section":"Shading Mode"},"sceneLighting":true,"audioPlay":false,"sceneViewState":{"m_AlwaysRefresh":false,"showFog":true,"showSkybox":true,"showFlares":true,"showImageEffects":true,"showParticleSystems":true,"showVisualEffectGraphs":true,"m_FxEnabled":true},"in2DMode":false,"pivot":{"x":507.2957458496094,"y":332.86981201171877,"z":19.986068725585939},"rotation":{"x":0.02849406749010086,"y":-0.011994970962405205,"z":0.00034195822081528604,"w":0.9995222091674805},"size":473.1451110839844,"orthographic":true}