{"cameraMode":{"drawMode":0,"name":"Shaded","section":"Shading Mode"},"sceneLighting":true,"audioPlay":false,"sceneViewState":{"m_AlwaysRefresh":false,"showFog":true,"showSkybox":true,"showFlares":true,"showImageEffects":true,"showParticleSystems":true,"showVisualEffectGraphs":true,"m_FxEnabled":true},"in2DMode":false,"pivot":{"x":-0.733479380607605,"y":1.3114862442016602,"z":-2.89682936668396},"rotation":{"x":-0.04784991964697838,"y":-0.07393922656774521,"z":0.003551819361746311,"w":-0.9961095452308655},"size":3.5525593757629396,"orthographic":false}