{"cameraMode":{"drawMode":0,"name":"Shaded","section":"Shading Mode"},"sceneLighting":false,"audioPlay":false,"sceneViewState":{"m_AlwaysRefresh":false,"showFog":true,"showSkybox":true,"showFlares":true,"showImageEffects":true,"showParticleSystems":true,"showVisualEffectGraphs":true,"m_FxEnabled":true},"in2DMode":false,"pivot":{"x":501.98052978515627,"y":317.0122375488281,"z":16.26131820678711},"rotation":{"x":-0.03143700584769249,"y":-0.060525134205818179,"z":0.0019071914721280337,"w":-0.9976716041564941},"size":520.5178833007813,"orthographic":true}